app_id,testing_stage,hipaa_compliant,us_audience,privacy_policy
com.medonline.app,-1,0,0,0
com.ydl.skinaawellness,-1,0,0,1
com.rupamthxt.ospi,-1,0,0,1
ru.mobiledimension.kbr,-1,0,0,1
ae.mediclinic.app,0,0,0,1
ai.kanghealth,0,2,1,1
bd.com.takemed.client.twa,0,0,0,0
com.cartulahealth.multicare,0,0,0,1
com.cirrusmd.askadoctor,0,0,0,0
com.clinica,0,0,0,0
com.dracta,0,0,0,0
com.gmail.oaasarobotics.kalvedanew,0,0,0,0
com.imedhealthus.imeddoctors,0,0,1,1
com.smileindia,0,0,0,0
com.svtindia.docayushfirebase,0,0,0,0
com.tabeby.patient,0,0,0,0
com.telemed.ae,0,0,0,0
health.livi.android,0,0,0,1
org.drgalen,0,0,1,0
se.kry.android,0,0,0,1
attrayant.design.pat.instacare,1,0,0,1
au.com.hotdoc.android.hotdoc,1,0,0,1
bd.com.cliniva.cliniva_patient,1,0,0,0
br.com.doctorconnect.app,1,0,0,1
co.myfeel.feelapp,1,0,1,1
com.a.Healwell24,1,0,0,1
com.ada.app,1,0,0,1
com.adept.mybenefits.mobile,1,0,0,1
com.advancemedical.virtualcare,1,2,1,1
com.amader.onlinedoctor,1,0,0,0
com.amrdoctor.doctor_call,1,0,0,1
com.app.qikdoc,1,0,0,0
com.askdoctors.com,1,0,0,1
com.axa.doctorathand,1,0,0,1
com.bdtask.sebaghor,1,0,0,1
com.calmerry.client.app,1,1,1,1
com.charm.phr.customBrandedApp025,1,2,1,1
com.chkdin.edocin,1,0,0,1
com.cloudclinic,1,0,0,0
com.CreCode.OnlineDoctor,1,0,0,0
com.developer.odoc,1,0,0,1
com.docmobile,1,0,0,1
com.docon.patientapp,1,0,0,1
com.docplus,1,0,1,1
com.doctorcareanywhere,1,0,0,1
com.doctorconsultation,1,0,1,1
com.doctordekhao.patient,1,0,0,1
com.dofody,1,0,0,1
com.doximity.doximitydroid,1,2,1,1
com.easeapplications.receiver,1,0,1,1
com.efficenz.vhospital,1,0,0,0
com.envision.patients,1,2,1,1
com.healthiestyou.app,1,2,1,1
com.healthmug,1,0,0,1
com.hislbd.daktarbhai,1,0,0,1
com.homemedics.app,1,0,0,1
com.innocirc.vcpatient,1,0,1,1
com.jiyyo.lyfe,1,0,0,1
com.jolpie.app,1,0,0,0
com.kitika.android,1,0,0,1
com.kyroshealth.patient_V3,1,0,0,0
com.llamandoaldoctor,1,0,0,1
com.lybrate.phoenix,1,0,0,1
com.lyflinkpatientapp,1,0,0,1
com.maginnovate.mypocketdoctor,1,0,0,1
com.mangoesmobile.swinfen,1,0,0,1
com.mantraideas.hamrodoctor,1,0,0,1
com.mdlive.BCBST_mobile,1,2,1,1
com.mdoc.app,1,0,0,1
com.media365ltd.doctime,1,0,0,1
com.medishala.user,1,0,0,1
com.medscape.android,1,0,1,1
com.mend.android.telemedicine,1,2,1,1
com.mobilexion.drtop,1,0,0,0
com.mobu.drlivepatient,1,0,0,1
com.modernizingmedicine.patientportal,1,2,1,1
com.mosaicwellness.manmatters,1,0,0,1
com.mstartelemedicine,1,0,0,1
com.muvierecktechnologies.yetlohealth,1,0,0,1
com.mydoctormn_New,1,0,0,1
com.nuasolutions.hse.prod,1,0,0,1
com.pikkart.pikkart_telehealth,1,0,0,1
com.practo.fabric,1,0,0,1
com.racdoc.racdocfordoctor,1,0,0,1
com.sanharabs.GraphMyHealth,1,0,0,0
com.sanjeevani.sanjeevanionlinedoctorappointment,1,0,0,0
com.shifaam.patient,1,0,0,1
com.sigthealth.vtl,1,0,1,1
com.simplepractice.video,1,2,1,1
com.speedoc.patient,1,0,0,1
com.stagrp.extcare.vcr,1,0,1,1
com.syntagi.patients,1,0,0,1
com.tigertext,1,0,1,1
com.viveohealth.viveo_mobile,1,0,0,0
com.vsee.clinic.release,1,0,1,1
com.whatsdoc.app,1,0,0,1
com.workithealth.workitapp,1,2,1,1
com.zyppyshealth,1,0,1,1
fr.doctolib.www,1,0,0,1
ge.redmed.patient,1,0,0,1
in.curetap.bookappointment.doctor,1,0,0,0
in.docsmart.app,1,0,0,1
in.medibuddy,1,0,0,1
io.doctorji.app,1,0,0,0
online.doctor.app,1,0,0,1
org.doctorsee.me,1,0,0,0
org.intelehealth.unicef,1,0,0,1
ph.com.nineonesevenventures.healthnow,1,0,0,1
quickobook.patientapp,1,0,0,1
sqh.jotno.patient,1,0,0,1
thepediatricnetwork.doctorapp,1,0,0,0
com.app.businessport.docapp,2,0,0,0
com.cirrusmd.android,2,0,1,0
com.doctorai,2,0,0,1
com.lafiya.telehealth,2,2,1,1
com.advancemedical.onlinemedic,2,0,0,0
com.alphonso.swiftttelemedicine,2,0,1,1
com.avizia.blackwell.provider,2,2,1,1
com.careclix.patient.preproduction.healthlink,2,2,1,1
com.carenowapp,2,0,1,0
com.chironhealth.patients,2,0,1,0
com.citrus.citrustelemedicines,2,0,0,0
com.codewin.e_treatment,2,0,0,0
com.dawaai.app,2,0,0,1
com.doktorconnect,2,0,0,1
com.elihealth.appoints,2,0,0,1
com.familydoctor,2,0,0,1
com.ifeel.ifeeluserchat,2,0,0,1
com.isalushealthcare.AnywhereCare,2,2,1,1
com.maxremind.nebulahealthcare,2,0,1,0
com.mdflow.chat,2,0,0,0
com.mds.medanta,2,0,0,1
com.medifi.patients.production,2,1,1,1
com.msl.carewings,2,0,0,0
com.ntst.android.netsmart.telehealth,2,2,1,1
com.onlineopd.app,2,0,0,1
com.ozoqo.ringadoctor.providers,2,0,1,1
com.pacificalabs.pacifica,2,0,1,1
com.polkadoc.ocp,2,0,1,0
com.QuickMD.md,2,2,0,1
com.remente.app,2,0,1,1
com.sehatkahani.app,2,2,0,1
com.surgician.surgician,2,0,0,0
com.synapsecoding.umedoc,2,2,1,1
com.talkspace.talkspaceapp,2,2,1,1
com.techovative.patientportal,2,0,0,1
com.teleafya,2,0,0,0
com.trainerize.remainruthless,2,1,1,1
com.unarv.health,2,0,0,1
com.zocdoc.android,2,2,1,1
com.zoomcare.mobile,2,2,1,1
cribmd.com.CribMD,2,0,0,1
global.increase.app,2,0,1,1
in.evolve.android,2,0,1,1
in.sanela.mysanela,2,0,0,0
org.hospitalin,2,0,0,1
to.being.now,2,0,1,1
ai.mayamd.mayamd,3,1,1,1
ai.rimads.avey,3,0,0,1
co.circlemedical.patient,3,2,1,1
co.swasth.cbtcompanion,3,2,1,1
com.advancemedical.axaassistance,3,2,0,1
com.americanwell.android.member.amwell,3,2,1,1
com.americanwell.android.member.wellpoint,3,2,1,1
com.amerihealth.wehealthnew,3,1,1,1
com.anytimepediatric.anytimetelemedicine,3,0,1,1
com.apollo.android,3,0,0,1
com.asterdmhealthcare.astereconsult,3,2,0,1
com.ati.bdhealthline,3,0,0,1
com.babylon.us,3,0,0,0
com.bcbsm.android.bcmi.onlinevisit,3,2,1,1
com.bcbsm.mmaprod,3,2,1,1
com.betterhelp,3,0,1,1
com.bookdoc.bookdoc,3,0,0,1
com.carbonhealth.patient.prod,3,2,1,1
com.careclick.CareClick,3,0,0,0
com.client.eglobaldoctors,3,1,1,1
com.conduithealth,3,0,1,1
com.contactdoctor.patient,3,0,0,1
com.credihealth.android,3,0,0,1
com.cura.cura,3,0,1,1
com.docbox.patient,3,0,0,1
com.docin60.android,3,0,0,1
com.docpulse.mmd.ng,3,0,0,1
com.doctall,3,0,0,1
com.doctorondemand.android.patient,3,2,1,1
com.dokpam,3,0,0,1
com.doktors,3,0,0,1
com.emedhub.patient,3,0,0,0
com.evisit.app.cavatelemedicine,3,2,1,1
com.evisit.app.cmg,3,2,1,1
com.evisit.app.iaostelemedicine,3,2,1,1
com.evisit.app.injurycareconnect,3,2,1,1
com.gaiamobile.airdoctor,3,2,1,1
com.geniemd.bonumhealth,3,1,1,1
com.getheal.patient,3,2,1,1
com.getz.greenclinic,3,0,0,0
com.glocal.sangati,3,0,0,1
com.gohealthuc.goh,3,2,1,1
com.goodrx,3,2,1,1
com.healthcoco.android,3,0,0,1
com.healthtap.userhtexpress,3,2,1,1
com.hellodoctor.hellodoctor,3,0,0,1
com.hellodox.patient,3,0,0,1
com.infikeytechnologies.claveto,3,0,0,0
com.intuitivehealth,3,0,1,1
com.kemu.telemedicine.app,3,0,0,1
com.linkdokter.halodoc.android,3,0,0,1
com.maplenativeuser,3,0,1,1
com.maxhealthcare,3,0,1,1
com.mdlive.mobile,3,2,1,1
com.medbeyond.usa,3,0,1,1
com.medekhealth.medek,3,2,1,1
com.medici,3,2,1,1
com.mediconnect.oladoc,3,0,0,1
com.medintu.MedintuIN,3,0,0,1
com.mediquo.main,3,0,0,1
com.memd.memd,3,2,1,1
com.mentorclub.mentorhealth,3,0,0,1
com.mm.ondoctor,3,0,0,1
com.mytherapyassistant,3,0,0,1
com.neevlabs.connect2mydoctorpatientshalby,3,2,1,1
com.ninety8point6.patientapp,3,2,1,1
com.omega_r.healthcare,3,0,0,1
com.orane.icliniq,3,2,0,1
com.patient.myhealthathand,3,0,0,1
com.plushcare.plushcare.prod,3,2,1,1
com.quikdr.app,3,0,0,0
com.quikdr.rajagiri,3,0,0,1
com.ritecare.telemedicine,3,2,1,1
com.secondconsult,3,2,0,1
com.sevendoctors.seven,3,0,0,1
com.she.sehatq,3,0,0,1
com.skymd.online_doctor_consultation,3,2,1,1
com.solv,3,2,1,1
com.soscare.customer,3,0,0,1
com.spruce.messenger,3,2,1,1
com.teencounseling,3,2,1,1
com.teladoc.members,3,2,1,1
com.telehealth.xmed,3,0,0,1
com.tendapp,3,0,1,1
com.thegraphe.alo_doctor_patient,3,0,0,0
com.trackthebird.drappointmentlite,3,0,0,0
com.wayuhealth.patient,3,0,0,1
com.xevensolution.alphacare,3,0,0,1
com.yourhealthkey.app,3,0,0,1
controllers.marham.marhammed,3,0,0,1
id.ihc.telemed,3,0,0,1
in.docco360.patient,3,0,0,1
io.pocketdoc.app,3,2,1,1
my.doctor2u.client,3,0,0,1
myclinic.ie,3,0,0,1
net.airmedic.olive,3,0,1,1
np.com.midas.merodoctor,3,0,0,1
online.doctor.talk,3,0,1,1
org.leehealth.android.lmhs.telehealth,3,2,1,1
org.nalc.android.hbp.telehealth,3,2,1,1
sg.hidoc.visit,3,0,0,1
com.docdit,,2,1,1
com.razahamid.medopd,,0,0,0
com.vspl.docopd,,0,0,1
confy.telemedicine.telehealth,,0,0,1
org.kp.tpmg.preventivecare,,2,1,1
com.mypossibleself.app,,,,
com.sentara.android,,,,
org.allinahealth.android,,,,
com.ohiohealth.mychart,,,,
org.stanfordhealthcare.myhealth,,,,
com.galileohealth.android,,,,
org.wakemed.go,,,,
com.one_mobile,,,,
com.galileohealth.android,,,,
com.bloom.ayadi,,,,
com.drgalen.org.dr_galen,,,,
co.homage.careowner,,,,